BEGIN TRANSACTION;
CREATE TABLE `jobs` (`id` INTEGER PRIMARY KEY AUTOINCREMENT , `clients_id` INTEGER , `jobTypes_id` INTEGER , `dateCreated` TIMESTAMP NOT NULL , `dateDeadline` TIMESTAMP NOT NULL , `description` VARCHAR NOT NULL , `pay_hour` DOUBLE PRECISION , `words_new` DOUBLE PRECISION , `words_fuzzy50` DOUBLE PRECISION , `words_fuzzy75` DOUBLE PRECISION , `words_fuzzy85` DOUBLE PRECISION , `words_fuzzy95` DOUBLE PRECISION , `words_match` DOUBLE PRECISION , `words_rep` DOUBLE PRECISION , `words_ice` DOUBLE PRECISION );
INSERT INTO `jobs` VALUES(1,1,1,1413570284513,1413570284513,'001-13-12-333-Apple Sales Readiness-153179 - SST-SPnO-1733-ASW-L518319C-GSiPad_GettingContent-QT','0.0','48.0','0.0','15.0','15.0','3.0','2.0','5.0','7.0');
INSERT INTO `jobs` VALUES(2,1,1,1413571999762,1413568853947,'sdfasdf','0.0','3.0','34.0','6.0','8.0','90.0','0.0','7.0','8.0');
INSERT INTO `jobs` VALUES(3,1,1,1413572068496,1414011609479,'Hey1','7.0','3.0','4.0','6.0','5.0','7.0','4.0','3.0','4.0');
INSERT INTO `jobs` VALUES(4,2,2,1420115990243,1420115926967,'001-13-12-434-Apple Channel Sales and Development-153578 - SST-CSnD-1745-iPadinK20iPadinexistingITInfrastructures','0.0','1147.0','0.0','14.0','0.0','0.0','51.0','10.0','20.0');
CREATE TABLE `jobTypes` (`id` INTEGER PRIMARY KEY AUTOINCREMENT , `clients_id` INTEGER , `service` VARCHAR NOT NULL , `source_lang` VARCHAR , `target_lang` VARCHAR , `pay_hour` DOUBLE PRECISION , `pay_minimum` DOUBLE PRECISION , `pay_rush` DOUBLE PRECISION , `words_new` DOUBLE PRECISION , `words_fuzzy50` DOUBLE PRECISION , `words_fuzzy75` DOUBLE PRECISION , `words_fuzzy85` DOUBLE PRECISION , `words_fuzzy95` DOUBLE PRECISION , `words_match` DOUBLE PRECISION , `words_rep` DOUBLE PRECISION , `words_ice` DOUBLE PRECISION );
INSERT INTO `jobTypes` VALUES(1,1,'Translation','EN','ESS','25.0','25.0','50.0','0.065','0.065','0.065','0.065','0.065','0.065','0.065','0.065');
INSERT INTO `jobTypes` VALUES(2,2,'Translation','EN','ES','25.0','25.0','50.0','0.065','0.065','0.065','0.039','0.026','0.01','0.01','0.01');
CREATE TABLE `clients` (`id` INTEGER PRIMARY KEY AUTOINCREMENT , `clientName` VARCHAR NOT NULL , `clientEmail` VARCHAR NOT NULL , `clientPhone` VARCHAR NOT NULL , `clientContactName` VARCHAR NOT NULL );
INSERT INTO `clients` VALUES(1,'Apple','email@apple.com',33223344,'Tim Cook');
INSERT INTO `clients` VALUES(2,'Localeyes','zeitgeist@email.com','33223344x','LocaleyesContact');
COMMIT;
